<?xml version="1.0" encoding="UTF-8"?>
<beans xmlns="http://www.springframework.org/schema/beans"
	xmlns:xsi="http://www.w3.org/2001/XMLSchema-instance"
	xmlns:context="http://www.springframework.org/schema/context"
	xmlns:mvc="http://www.springframework.org/schema/mvc"
	xsi:schemaLocation="http://www.springframework.org/schema/mvc http://www.springframework.org/schema/mvc/spring-mvc-4.3.xsd
		http://www.springframework.org/schema/beans http://www.springframework.org/schema/beans/spring-beans.xsd
		http://www.springframework.org/schema/context http://www.springframework.org/schema/context/spring-context-4.3.xsd">
	<mvc:annotation-driven></mvc:annotation-driven> <!-- 기본 mvc 태그 -->
	<mvc:default-servlet-handler /> <!-- 기본 mvc 태그 -->

	<!-- 직접 주소 요청시 처리 페이지 등록 부분 -->
	<!-- <mvc:view-controller path="/" view-name="main" /> -->
	<mvc:view-controller path="/loginForm"
		view-name="loginForm" />
	<mvc:view-controller path="/memberForm"
		view-name="memberForm" />
	<mvc:view-controller path="/mypage"
		view-name="mypage" />
	<mvc:view-controller path="/cartList"
		view-name="cartList" />
	<mvc:view-controller path="/orderConfirm"
		view-name="orderConfirm" />

	<!-- web-inf 폴더는 반드시 리소스 등록 후 사용 -->
	<mvc:resources location="/WEB-INF/views/images/"
		mapping="/images/**" />
	<mvc:resources location="/WEB-INF/views/css/"
		mapping="/css/**" />
	<mvc:resources location="/WEB-INF/views/js/"
		mapping="/js/**" />

	<bean id="loginCheckInterceptor"
		class="com.interceptor.LoginCheckInterceptor"></bean>

	<mvc:interceptors>
		<mvc:interceptor>
			<mvc:mapping path="/loginCheck/**" />
			<ref bean="loginCheckInterceptor" />
		</mvc:interceptor>
	</mvc:interceptors>

	<bean
		class="org.springframework.web.servlet.view.InternalResourceViewResolver">
		<property name="prefix" value="/WEB-INF/views/"></property>
		<property name="suffix" value=".jsp"></property>
	</bean>

	<context:component-scan base-package="com.*" />
	<!-- repository, service, dao 빈생성 -->

</beans>
