<?xml version="1.0" encoding="UTF-8" ?>
<!DOCTYPE mapper
PUBLIC "-//mybatis.org//DTD Mapper 3.0//EN"
"http://mybatis.org/dtd/mybatis-3-mapper.dtd">
<mapper namespace="CartMapper">

	<insert id="cartAdd" parameterType="CartDTO">
		insert into cart
		(num,userid,gCode,gPrice,gSize,gColor,gAmount,gName,gImage)
		values
		(cart_seq.nextval,#{userid},#{gCode},#{gPrice},#{gSize},#{gColor},#{gAmount},#{gName},#{gImage})
	</insert>

	<select id="cartList" parameterType="string"
		resultType="CartDTO">
		select
		num,userid,gCode,gPrice,gSize,gColor,gAmount,gName,gImage from cart
		where userid=#{userid}
	</select>

	<update id="cartUpdate" parameterType="hashmap">
		update cart set
		gAmount=#{gAmount} where num=#{num}
	</update>

	<delete id="cartDelete" parameterType="int">
		delete from cart where
		num=#{num}
	</delete>

	<delete id="delAllCart" parameterType="arraylist">
		delete from cart where num IN
		<foreach item="item" index="index" collection="list" open="("
			separator="," close=")">
			#{item}
		</foreach>
	</delete>
	
	<select id="cartByNum" parameterType="int"
		resultType="CartDTO">
		select
		num,userid,gCode,gPrice,gSize,gColor,gAmount,gName,gImage from cart
		where num=#{num}
	</select>

</mapper>